event_date,ticker,mention_count,avg_tone,rolling_mean,rolling_std,z_score
2024-01-17,AAPL,157.0,0.6163228039593911,71.41176470588235,42.33063137895744,2.021898386723888
2024-02-02,AAPL,203.0,0.0484755731251498,82.56666666666666,46.5274730361153,2.5884348638459524
2024-02-28,AAPL,186.0,0.6170620464063523,71.3,43.87533279174309,2.614225185354843
2024-03-04,AAPL,179.0,-0.6429392637314153,67.03333333333333,40.36000353143531,2.7741986340377514
2024-03-05,AAPL,179.0,-0.7458079933662141,72.33333333333333,44.22538928569497,2.4118875693236417
2024-03-21,AAPL,459.0,-1.7846839906132028,88.3,82.59754943346559,4.488026612685504
2024-04-12,AAPL,389.0,-4.7894050332115,104.76666666666667,99.31756219782852,2.861863773570832
2024-06-03,AAPL,156.0,0.7759357788678803,69.56666666666666,40.350775178071295,2.1420488937795104
2024-06-05,AAPL,263.0,-1.811536647561558,76.86666666666666,53.111939909209966,3.5045478220436186
2024-06-06,AAPL,214.0,-0.6444000097897273,79.0,57.27309050986959,2.357127907681813
2024-06-24,AAPL,240.0,-0.1366969366486355,95.73333333333333,66.28097627594168,2.1765923613746136
2024-08-05,AAPL,145.0,-1.6894807326525902,57.96666666666667,32.17032615715082,2.705391698802767
2024-08-28,AAPL,153.0,0.1647737977386785,60.13333333333333,34.491111631972466,2.6924811139047606
2024-09-09,AAPL,199.0,1.106021650054842,57.6,38.84948852456981,3.639687557548501
2024-09-10,AAPL,310.0,0.1076853707750751,67.13333333333334,59.775288016631556,4.062994503666678
2024-10-28,AAPL,110.0,1.0171042136769717,45.233333333333334,21.650329826799098,2.991486373870274
2024-11-01,AAPL,97.0,0.5372107128608478,48.833333333333336,23.910873782809837,2.0144251985176287
2024-12-13,AAPL,90.0,1.5449128512723882,44.96666666666667,21.956828068975867,2.050994487540013
2024-02-05,AMZN,2.0,-0.39266431210165,0.26666666666666666,0.5208304597621879,3.3280183615312677
2024-02-09,AMZN,2.0,3.161739150416345,0.3,0.5959634332684376,2.8525240058382497
2024-02-21,AMZN,2.0,0.7663628831814449,0.4,0.6746646676632054,2.3715485287555103
2024-02-27,AMZN,2.0,3.53677888478226,0.4666666666666667,0.7302967433402214,2.099603137103137
2024-03-21,AMZN,4.0,-3.3093044096288726,0.6333333333333333,0.9278574999588487,3.6284307308137094
2024-03-29,AMZN,11.0,1.28968253968254,0.8666666666666667,2.112905065565406,4.795924577246299
2024-05-01,AMZN,4.0,-0.0365357889322949,0.36666666666666664,0.8087168778415271,4.49271362189291
2024-05-07,AMZN,5.0,1.593631833721936,0.5,1.1670771035014103,3.8557863799223804
2024-06-11,AMZN,2.0,1.1932380181638331,0.3333333333333333,0.7111590022187596,2.34359216640273
2024-06-13,AMZN,2.0,2.909609439630775,0.4,0.7701320979389589,2.077565659556261
2024-06-21,AMZN,2.0,1.915748224344845,0.4666666666666667,0.7302967433402215,2.0996031371031365
2024-06-26,AMZN,12.0,-0.0337635861193805,0.8,2.234525329522103,5.012250186662837
2024-07-27,AMZN,2.0,0.995899238429995,0.3333333333333333,0.5466722735905346,3.048749218101052
2024-08-07,AMZN,2.0,-1.67897949972682,0.5,0.629723529922403,2.38199770014126
2024-08-11,AMZN,7.0,4.03757599090134,0.7,1.3429252681597994,4.691251366975054
2024-09-05,AMZN,14.0,-0.7138652504078585,1.2,2.833299526505546,4.517700963225338
2024-10-17,AMZN,2.0,2.664123675198245,0.3,0.5349830806219261,3.177670587308525
2024-11-06,AMZN,2.0,0.0,0.36666666666666664,0.6149478998583798,2.6560515674734133
2024-11-22,AMZN,2.0,2.136770819257765,0.3,0.5959634332684394,2.8525240058382413
2024-01-15,BA,70.0,-1.283590021736037,11.6,25.839615211641874,2.260095575018015
2024-01-30,BA,88.0,-0.6796227372153899,18.5,26.141194864916127,2.6586389933260226
2024-02-21,BA,208.0,0.8428793479817529,18.533333333333335,41.73126945798214,4.540160630805505
2024-03-25,BA,321.0,-0.9160257959912516,15.5,58.71893896438736,5.202750686371967
2024-05-30,BA,19.0,0.0207751969661611,2.2333333333333334,3.673608893016802,4.564085931558632
2024-06-27,BA,30.0,-0.6550216788746572,3.8333333333333335,6.292213761705018,4.158578786041786
2024-07-22,BA,33.0,3.196215371086696,3.7333333333333334,7.956490880183192,3.6783384921058095
2024-07-23,BA,22.0,4.513542386258466,4.466666666666667,8.589220723888731,2.041318286834663
2024-08-07,BA,80.0,-2.466644596005646,7.066666666666666,15.686438978177724,4.649451251159995
2024-09-09,BA,12.0,-0.2827117156384026,1.7333333333333334,2.6901266901759553,3.8164249677011104
2024-09-12,BA,29.0,-3.7926606505829854,2.8,5.653195617494302,4.63454686034954
2024-09-13,BA,63.0,-3.229954724044956,4.9,12.33260327134046,4.711089680069224
2024-10-09,BA,105.0,-2.0101737026569704,7.4,22.174231705385857,4.401505373297516
2024-11-30,BA,9.0,2.982804018844719,1.0333333333333334,2.0083160441860826,3.966839128597086
2024-12-01,BA,13.0,3.02218276538287,1.4,2.9664793948385837,3.9103592022863842
2024-12-02,BA,12.0,3.021358896663163,1.8,3.52723394607541,2.8917843715325624
2024-12-04,BA,13.0,3.750667693261286,2.3333333333333335,4.062726563090192,2.625494603445176
2024-12-05,BA,14.0,3.664340898571937,2.8,4.559189280623648,2.4565771040916204
2024-12-06,BA,15.0,3.210319092242162,3.3,5.038814857922012,2.3219745773364324
2024-12-08,BA,16.0,3.051366983223421,4.2,5.604185627879036,2.10556908416787
2024-01-11,CAT,12.0,2.118294233453139,4.2727272727272725,3.37908002541843,2.2867977879026
2024-02-05,CAT,37.0,1.0888225481997755,6.133333333333334,6.6370606982792975,4.65065306313517
2024-04-03,CAT,14.0,0.5848039186862763,5.933333333333334,3.352130905736738,2.40642949022713
2024-04-25,CAT,23.0,-0.1188693120068974,6.466666666666667,4.248596793371157,3.8914809141524906
2024-06-04,CAT,11.0,0.9067898829279616,5.333333333333333,2.8080344498001373,2.0180189267514126
2024-06-07,CAT,15.0,-2.1994302337628784,5.666666666666667,3.304472761256332,2.824454612779099
2024-06-12,CAT,23.0,2.392150710907373,5.833333333333333,4.5944744424470185,3.7363722187828072
2024-06-26,CAT,71.0,-4.774921261603358,7.666666666666667,12.882314349079738,4.916300877090274
2024-08-06,CAT,26.0,0.9281355482713636,4.166666666666667,4.8571549309228805,4.495086865426568
2024-09-02,CAT,22.0,1.8133863547837128,6.6,5.4557783350663405,2.8226953248848847
2024-09-09,CAT,17.0,0.9361678848183356,7.466666666666667,4.732378080716978,2.0144910594060117
2024-10-11,CAT,17.0,0.313876217694683,7.833333333333333,4.4184826021777015,2.0746187078226286
2024-10-30,CAT,29.0,1.444188223262728,8.0,5.693311260018037,3.6885388907989323
2024-01-11,CVX,182.0,-5.448705550461947,25.818181818181817,51.96309879485283,3.005629414027338
2024-03-06,CVX,300.0,-5.786948742814609,21.566666666666666,53.0787855104501,5.245661343900109
2024-03-07,CVX,183.0,-5.763996319890285,26.966666666666665,60.711007542138596,2.570099552787572
2024-07-04,CVX,19.0,-0.3751013834282539,9.8,4.003446790816648,2.2980198016128313
2024-07-05,CVX,33.0,-2.3516861589036133,10.7,5.766430797116584,3.8672102006583997
2024-07-11,CVX,57.0,-4.750056541241317,13.3,10.255864596448864,4.260976691826773
2024-08-02,CVX,65.0,-0.5936617867542993,13.866666666666667,14.573791623968493,3.508581339206053
2024-09-02,CVX,39.0,1.0174412538795514,14.566666666666666,7.894491022589779,3.094985257873915
2024-10-16,CVX,23.0,1.5670686927332045,11.6,5.506109459438095,2.0704274195746524
2024-11-01,CVX,33.0,0.3713469362238323,13.6,6.688126380591354,2.9006628906262804
2024-12-06,CVX,29.0,-2.331102371651103,9.666666666666666,5.815160526935282,3.3246431020748504
2024-12-11,CVX,22.0,-1.3791111111551606,9.4,6.178940875654242,2.039184425545402
2024-02-07,DIS,666.0,-0.8451605862790338,155.03333333333333,115.11388164390272,4.438792779547724
2024-02-08,DIS,728.0,1.089606828871894,173.63333333333333,155.5826608842261,3.5631648380097327
2024-04-03,DIS,276.0,0.4650665748706262,107.36666666666666,57.09247388853155,2.9536876202382873
2024-04-04,DIS,317.0,1.0171270834839314,113.0,68.44831929122232,2.980350753859351
2024-04-17,DIS,350.0,0.520213264208689,127.1,83.4201455863941,2.6720164347969586
2024-05-07,DIS,501.0,1.0761875766801623,142.9,103.02873720305024,3.475729293801324
2024-05-26,DIS,954.0,2.540542779585546,157.16666666666666,175.78338616198837,4.533041209019795
2024-07-03,DIS,260.0,-0.8609831587073569,122.36666666666666,62.56223568042754,2.1999426944454865
2024-07-11,DIS,248.0,-1.639262007616742,122.23333333333333,62.65322367429816,2.0073455010146453
2024-07-24,DIS,322.0,2.7306729926753537,112.1,71.22153393849187,2.9471423654153983
2024-08-07,DIS,333.0,1.1714011919950036,115.83333333333333,74.07548960971886,2.9316939761161427
2024-08-11,DIS,395.0,3.398042004949549,127.66666666666667,88.6711605463902,3.0148847910191976
2024-08-12,DIS,390.0,4.386666939230698,138.66666666666666,99.76259174983228,2.519314393551287
2024-10-16,DIS,157.0,0.5804190380050394,68.16666666666667,34.042654109963635,2.6094714309403244
2024-10-21,DIS,258.0,2.363655237305183,75.13333333333334,49.09367073001544,3.7248521845579496
2024-11-10,DIS,256.0,1.8268315231630503,90.73333333333333,57.516974006380245,2.8733546839291986
2024-11-14,DIS,267.0,1.829540249858581,105.56666666666666,61.605912912212965,2.6204194646603516
2024-12-17,DIS,439.0,2.425127130637282,112.66666666666667,76.62552619308956,4.258807078348828
2024-01-16,GS,1042.0,-0.1312592826618975,498.0625,204.2617499680251,2.662943503055013
2024-04-15,GS,1169.0,-0.2762174147284076,619.6,195.9592850040802,2.8036436241771376
2024-04-16,GS,1077.0,0.3766651127258714,644.1,205.75736463963628,2.1039344120594743
2024-06-18,GS,971.0,-0.5291783068643313,585.1333333333333,155.7315845831587,2.4777675492065563
2024-07-15,GS,935.0,0.1802405815047394,577.8,155.5737767106009,2.2960167680731005
2024-08-05,GS,1263.0,-2.2963194260781656,620.3,191.13998300577575,3.3624571368753307
2024-08-19,GS,1238.0,-2.1849378174788643,606.0666666666667,221.34104334999483,2.855021028947129
2024-09-11,GS,1123.0,-0.8068554767496383,633.2333333333333,202.4748061523625,2.4189017684408434
2024-10-15,GS,1009.0,0.2234882360211217,528.2333333333333,182.7437782955876,2.6308237202419433
2024-01-23,JPM,840.0,1.3382047877802197,475.82608695652175,146.11223960115328,2.4924257819712716
2024-01-24,JPM,905.0,1.3036343360282978,493.7083333333333,167.61614510973956,2.4537711829453595
2024-01-28,JPM,1203.0,1.3756769176496604,540.9285714285714,216.76834000267016,3.0542810290620537
2024-05-02,JPM,1094.0,1.3833441682718095,655.1,163.4837016024998,2.684671289540271
2024-07-12,JPM,809.0,1.3021801492627876,549.7,100.09001121404437,2.590668108183963
2024-07-25,JPM,841.0,1.1061144602901474,583.3333333333334,121.19614576019487,2.12603020542006
2024-07-26,JPM,953.0,1.5314994918423703,597.1,138.3469775849712,2.5725173488622843
2024-08-31,JPM,921.0,1.524788823570799,581.9,152.8728004042846,2.2181840007066165
2024-09-02,JPM,985.0,1.450878432380909,601.6333333333333,174.37523616759842,2.198515540923477
2024-10-11,JPM,866.0,1.1083427928700893,451.6,197.54468721855247,2.097753201236593
2024-10-17,JPM,840.0,1.4687853341446475,438.96666666666664,197.9122904537349,2.0263184889322536
2024-01-15,KO,5.0,-0.6202184741016268,0.7142857142857143,1.3827826698682306,3.099340466946034
2024-02-01,KO,3.0,1.9944433791776732,0.6,1.1325893433586842,2.1190381262839892
2024-02-07,KO,9.0,2.182884442147309,0.9333333333333333,1.9106477207072157,4.221953937003539
2024-03-26,KO,2.0,6.80529300567108,0.3333333333333333,0.8022955570857543,2.0773724245970406
2024-04-22,KO,2.0,0.2542068182696105,0.2,0.5508613944197485,3.267609635080773
2024-05-15,KO,2.0,3.957007904376325,0.3333333333333333,0.6064784348631234,2.748105407973522
2024-05-25,KO,2.0,0.5720702282306851,0.36666666666666664,0.6149478998583788,2.6560515674734178
2024-07-04,KO,1.0,4.41849602989257,0.13333333333333333,0.3457459036417614,2.506657801402756
2024-07-09,KO,1.0,0.510855683269476,0.16666666666666666,0.3790490217894526,2.1984843263788147
2024-07-12,KO,1.0,5.42797494780793,0.16666666666666666,0.3790490217894526,2.1984843263788147
2024-07-24,KO,4.0,0.1881484086513092,0.23333333333333334,0.7738543627276675,4.867410262300505
2024-10-05,KO,1.0,1.88383045525903,0.13333333333333333,0.3457459036417616,2.5066578014027545
2024-10-08,KO,1.0,1.48148148148148,0.13333333333333333,0.3457459036417616,2.5066578014027545
2024-10-16,KO,2.0,3.2121079504011703,0.16666666666666666,0.46113303737741496,3.975714565497156
2024-10-18,KO,6.0,-0.1694705146642765,0.36666666666666664,1.1591713250937243,4.859793553707734
2024-11-04,KO,5.0,1.915033554855246,0.7666666666666667,1.501340397280293,2.819702541143966
2024-11-26,KO,4.0,2.962962962962965,0.6,1.1626367179523598,2.924387254849557
2024-12-01,KO,4.0,0.1389179816599148,0.6666666666666666,1.3217891045025336,2.5218344756956226
2024-01-16,MSFT,88.0,0.9999814628935704,30.625,22.243725707114205,2.579379046274149
2024-01-30,MSFT,102.0,0.9818280388723858,37.833333333333336,24.6031723961367,2.608064750086554
2024-01-31,MSFT,129.0,0.5478272557623942,42.03333333333333,28.841401435811143,3.0153412225899623
2024-04-25,MSFT,97.0,0.4535246680815977,39.46666666666667,20.72934507229875,2.7754534999862037
2024-04-26,MSFT,146.0,1.0606890618238052,42.86666666666667,28.43229505859226,3.6273305802714777
2024-06-13,MSFT,91.0,0.0663233522780918,40.43333333333333,22.510814769998785,2.246327695524341
2024-07-03,MSFT,91.0,-0.1726002544353119,41.1,24.022044473559177,2.077258663596449
2024-07-19,MSFT,159.0,-2.9802946609025165,37.9,30.367121512674153,3.987865624651226
2024-09-17,MSFT,71.0,0.9976125228836454,32.2,16.60577381930549,2.336536702366258
2024-11-13,MSFT,64.0,1.1183631075652207,29.266666666666666,16.374777352175943,2.121148433735365
2024-11-20,MSFT,70.0,2.3154621482300897,31.6,18.637374389595003,2.0603760592714284
2024-02-16,NKE,25.0,0.0023578428559628,2.033333333333333,4.544669733710663,5.053539203588
2024-03-21,NKE,20.0,1.3851525255747823,2.7666666666666666,4.116269932951378,4.186638294874161
2024-03-22,NKE,31.0,0.1602858508766209,3.8,6.562169531909188,4.144970633223868
2024-06-21,NKE,12.0,1.9865511203770692,2.1,2.564344374097505,3.8606359192626787
2024-06-24,NKE,10.0,0.0140223342463343,2.433333333333333,2.884959012836601,2.622798671661832
2024-06-27,NKE,23.0,0.761986496618783,3.3,4.662025606817352,4.22563101566675
2024-06-28,NKE,59.0,-0.5226577484486312,5.233333333333333,11.165474288714924,4.815439566325388
2024-08-28,NKE,4.0,0.3112585336345567,1.1666666666666667,1.116748152799734,2.537128291844539
2024-08-30,NKE,7.0,1.922925244413637,1.3,1.5120207989811956,3.7697894128445046
2024-09-19,NKE,12.0,1.680786603632061,1.8,2.426861176996699,4.2029598135575075
2024-09-20,NKE,61.0,-0.0014356824511254,3.8,11.071554107027051,5.166393032726589
2024-10-02,NKE,33.0,-0.3636872485417105,6.233333333333333,12.650973339501654,2.1157792328191767
2024-12-10,NKE,3.0,2.7357799148416317,0.7666666666666667,1.0400044208571482,2.147426769102261
2024-12-13,NKE,3.0,0.469720820094604,0.7333333333333333,0.9444331755019088,2.400028636713308
2024-12-16,NKE,3.0,1.3146861892181665,0.9,1.028892943728979,2.0410286733904957
2024-12-19,NKE,15.0,-0.3151494983960122,1.3666666666666667,2.7603514685425776,4.938984578123858
2024-12-20,NKE,14.0,-0.3264083493454816,1.8333333333333333,3.5823642100341275,3.3962673679544046
2024-02-12,NVDA,36.0,0.5061245944995456,9.966666666666667,7.480933619281219,3.479957804495886
2024-02-13,NVDA,37.0,0.9984177378496704,11.1,8.84093145350179,2.929555571855645
2024-02-14,NVDA,33.0,1.2406474147509103,12.0,9.641862747487094,2.178002378790666
2024-02-15,NVDA,47.0,0.9541840956949812,13.533333333333333,11.340295359935507,2.9511283087830438
2024-02-20,NVDA,43.0,0.1324169648089238,16.466666666666665,12.629285434050207,2.100937022279661
2024-02-21,NVDA,87.0,0.9082548610173526,18.8,18.039038127120975,3.780689387061277
2024-02-22,NVDA,194.0,1.0943147456517828,24.8,36.6854288465485,4.6121854185689575
2024-02-23,NVDA,141.0,1.409418198150706,29.3,42.16973093222853,2.648819367131234
2024-05-21,NVDA,52.0,0.0723634837525384,11.833333333333334,10.511351280740547,3.8212657529828875
2024-05-22,NVDA,79.0,0.188298695848056,13.833333333333334,16.12897015190118,4.04034889102856
2024-05-23,NVDA,167.0,0.9121566865237262,18.966666666666665,32.277336271470865,4.586293369697186
2024-06-25,NVDA,92.0,-0.6114208656413871,29.5,22.4633801614063,2.7823061155942814
2024-07-31,NVDA,45.0,-0.3895538714325087,16.833333333333332,11.359587575482529,2.479550113901931
2024-08-28,NVDA,65.0,0.4568907511984792,22.266666666666666,14.029361657101395,3.0459927099892345
2024-08-29,NVDA,100.0,0.3119731606331808,24.733333333333334,19.960190264681813,3.770839138735359
2024-08-30,NVDA,71.0,0.3864934586878709,25.6,21.384170748960305,2.123065726184745
2024-10-15,NVDA,39.0,-0.2469351459237743,13.5,9.793558755807217,2.60375218404438
2024-11-18,NVDA,49.0,0.0886861969972328,12.466666666666667,9.182942708174167,3.9783906416854045
2024-11-19,NVDA,37.0,0.3930674416404627,13.633333333333333,9.994768746641938,2.337889675988496
2024-11-20,NVDA,68.0,0.4381011133443899,15.3,14.081413526224974,3.7425220061787448
2024-11-21,NVDA,82.0,0.1967671663295689,17.533333333333335,18.615405806302835,3.4630814572325592
2024-01-26,PFE,36.0,-1.1269512738342131,18.153846153846153,8.28826788993844,2.1531825567339857
2024-01-30,PFE,49.0,0.091652660427531,18.933333333333334,10.221455909973892,2.9415248602039377
2024-02-20,PFE,50.0,-2.088166940133952,20.7,11.911020686452671,2.4599067343846666
2024-03-18,PFE,46.0,1.129699920901398,20.833333333333332,11.7328990253999,2.1449657592880285
2024-05-01,PFE,56.0,1.7538435003511634,22.566666666666666,10.516598812102355,3.179101335962224
2024-07-30,PFE,41.0,0.55364450671934,15.133333333333333,8.609270598017297,3.0045131433810113
2024-08-22,PFE,39.0,0.2715451705633611,13.366666666666667,9.136827085777773,2.805496163239615
2024-08-23,PFE,41.0,0.6811244536184529,14.4,10.407556936155112,2.5558351650802402
2024-08-28,PFE,39.0,0.9009115743961168,15.533333333333333,11.521294627126652,2.036808138854021
2024-09-02,PFE,50.0,1.0248591719188591,16.933333333333334,12.20212907745974,2.7099095950188508
2024-10-10,PFE,42.0,-0.5552178244134973,18.566666666666666,9.077001378373172,2.581616147945675
2024-10-29,PFE,62.0,0.8835466054449608,19.533333333333335,11.790508553663958,3.6017671734329
2024-11-15,PFE,45.0,-0.4643255789963694,18.433333333333334,12.746015830063522,2.0843114445225246
2024-12-30,PFE,103.0,-1.3504951660209332,12.833333333333334,18.517621306490067,4.869235911799589
2024-02-02,TSLA,240.0,-1.8831634599821856,49.666666666666664,48.29959186900696,3.940682021693584
2024-03-05,TSLA,69.0,-1.05060624867086,27.2,15.483918242419463,2.6995750911087524
2024-04-02,TSLA,152.0,-1.479173376261374,29.1,27.414255038398256,4.483069112323423
2024-04-15,TSLA,168.0,-1.0774448959244336,40.666666666666664,39.894112722118,3.1917825625117233
2024-04-17,TSLA,184.0,-1.5729593328680709,47.96666666666667,47.57823563087567,2.859150439892629
2024-06-11,TSLA,60.0,-1.1624502583565404,21.533333333333335,14.082841928446458,2.7314562545054497
2024-06-13,TSLA,135.0,-0.801330331133379,25.1,25.014961040586677,4.393370824031574
2024-07-23,TSLA,74.0,0.2730596992310853,24.7,16.161149668903196,3.050525551091306
2024-07-24,TSLA,138.0,0.5128446565294548,28.5,26.246510441291576,4.171983176389507
2024-10-02,TSLA,57.0,-0.4511160919182966,14.9,12.532303088006422,3.359318690615634
2024-10-03,TSLA,41.0,-0.3569565853140219,14.633333333333333,11.848129005017643,2.225386527737879
2024-10-04,TSLA,44.0,-0.977412417821784,15.533333333333333,13.003271029678054,2.189192750169991
2024-10-11,TSLA,116.0,0.1794865566707248,20.233333333333334,22.40025143537046,4.275249630254111
2024-10-24,TSLA,88.0,0.95191303288372,27.066666666666666,24.504655902900183,2.486602283859115
2024-11-06,TSLA,92.0,0.6770968793179581,27.3,27.56953591094395,2.3467932216558207
2024-12-18,TSLA,44.0,-0.7226721616271635,19.3,11.703668743986462,2.110449342022882
2024-12-29,TSLA,119.0,0.4374122166742863,20.366666666666667,21.494960649727496,4.588672430744076
2024-02-21,UNH,75.0,-0.6076928724098243,23.866666666666667,19.997815972704633,2.5569458886473457
2024-02-23,UNH,301.0,-3.1461235116066426,34.2,54.43781647043684,4.901004803249028
2024-03-01,UNH,236.0,-1.9620430676784557,52.0,69.24070957225211,2.6573962216259135
2024-04-16,UNH,201.0,-0.0239379144748013,56.1,36.23995699167728,3.9983491159572053
2024-04-23,UNH,265.0,-0.8363659391309738,61.8,52.34263772621638,3.8821123433415554
2024-06-19,UNH,90.0,-0.9259666944878394,35.8,19.57197151452852,2.7692662417665312
2024-06-26,UNH,86.0,-1.6172135722028709,38.36666666666667,20.742233001416608,2.2964419178050974
2024-07-16,UNH,214.0,0.2526644094995766,41.266666666666666,38.23785210146266,4.517338810636962
2024-09-20,UNH,44.0,-0.8888936309914094,22.833333333333332,9.920662287865817,2.1335941142312738
2024-10-14,UNH,100.0,0.4298532833871014,21.166666666666668,17.166694565315957,4.592225546588932
2024-10-15,UNH,146.0,0.2389952624977715,25.8,28.335916041854595,4.241966267208522
2024-11-12,UNH,102.0,1.1263551267167635,33.233333333333334,30.788134003253553,2.2335444772131923
2024-11-13,UNH,96.0,1.1672953774884662,33.1,30.496297118355752,2.062545487272959
2024-12-04,UNH,1240.0,-2.893010296526806,65.03333333333333,223.04421756348168,5.267864280463822
2024-12-05,UNH,1347.0,-3.7745577238475785,109.4,322.9548489847437,3.8321146249718137
2024-12-06,UNH,1088.0,-4.063621383949873,144.53333333333333,368.5777635941864,2.5597492845646754
2024-12-10,UNH,1390.0,-4.903203609519843,258.0,465.54291627792145,2.431569594164364
2024-02-20,WMT,69.0,0.8746603237800643,15.433333333333334,13.512914214732245,3.9641091340805255
2024-02-21,WMT,58.0,0.7449098275320118,16.9,15.581487689585028,2.637745561835668
2024-02-29,WMT,86.0,-0.1238536929808447,19.1,19.912480924076846,3.3597019002845085
2024-04-10,WMT,23.0,0.6307185456967821,9.866666666666667,6.553405712816938,2.004047041929296
2024-04-30,WMT,50.0,1.1629472303738506,9.9,9.106079818185895,4.403651274823625
2024-05-02,WMT,32.0,0.942458885629482,10.966666666666667,10.131832163459174,2.075965431917716
2024-05-16,WMT,113.0,0.7579953078134614,16.833333333333332,20.76981120451663,4.630117516222494
2024-06-29,WMT,38.0,1.3613012463516223,19.933333333333334,8.460591539331187,2.135390484539908
2024-07-16,WMT,43.0,0.6567076267550163,18.466666666666665,10.112243631576916,2.4261018847216573
2024-08-15,WMT,147.0,0.1539668062929224,18.833333333333332,25.27242375196433,5.0714038322780475
2024-11-19,WMT,55.0,0.7666178175678526,14.533333333333333,8.732552391160771,4.6340021627156425
2024-02-02,XOM,327.0,0.5453552305529978,95.7,61.60113635315505,3.7548008639641504
2024-02-22,XOM,298.0,-0.2198368634689351,126.6,67.15530122602847,2.5522929220897863
2024-04-26,XOM,357.0,0.5803855641473067,98.53333333333333,62.60424868986918,4.128580281301141
2024-05-02,XOM,261.0,-0.6581200044474914,114.96666666666667,64.47907082699504,2.264817582827116
2024-05-29,XOM,410.0,-0.0763441268239447,125.76666666666667,75.6998079227433,3.7547431246247336
2024-07-29,XOM,149.0,-0.3383363301443584,78.66666666666667,27.305845443829377,2.5757610573902734
2024-07-30,XOM,188.0,-0.6320286807930524,83.6,32.879718095947304,3.1752097051242103
2024-08-02,XOM,283.0,0.0520058867724508,93.6,49.22544898308401,3.8476033009894137
2024-08-14,XOM,252.0,0.6055141674516942,98.0,57.81182315540415,2.6638149706165137
2024-09-23,XOM,177.0,-2.9839455891710727,79.53333333333333,37.79411862047916,2.5788844990779407
2024-09-24,XOM,354.0,-2.867169025673675,89.93333333333334,62.17380163055337,4.247233718082623
2024-11-01,XOM,265.0,0.8207834102064581,93.6,52.85869256149212,3.2426076335619762
