ticker,event_date,aligned_trading_date,sector,avg_tone,mention_count,z_score,pre_event_volatility,pre_event_momentum,beta,is_earnings_related,car_3day
AAPL,2024-01-17,2024-01-17,Technology,0.6163228039593911,157.0,2.021898386723888,0.18274178982675401,-0.010400802678143917,0.9173202165790193,False,-7.439831669932197e-05
AAPL,2024-02-02,2024-02-02,Technology,0.0484755731251498,203.0,2.5884348638459524,0.2085579590841507,-0.03764733427181799,0.9173202165790193,True,-0.015062117153512217
AAPL,2024-02-28,2024-02-28,Technology,0.6170620464063523,186.0,2.614225185354843,0.17776088655552377,0.005893527391036324,0.9173202165790193,False,-0.005413213012604768
AAPL,2024-03-04,2024-03-04,Technology,-0.6429392637314153,179.0,2.774198634037752,0.1452260517605847,-0.015669549589532594,0.9173202165790193,False,-0.024397539097601166
AAPL,2024-03-05,2024-03-05,Technology,-0.7458079933662141,179.0,2.4118875693236417,0.15169778210908758,-0.03345108301033217,0.9173202165790193,False,-0.01927322925818799
AAPL,2024-03-21,2024-03-21,Technology,-1.7846839906132028,459.0,4.488026612685504,0.16635950149230805,0.044059875363377854,0.9173202165790193,False,-0.04388891256322573
AAPL,2024-04-12,2024-04-12,Technology,-4.7894050332115,389.0,2.861863773570832,0.24877500046378792,0.03684381673984327,0.9173202165790193,False,0.02128852183346867
AAPL,2024-06-03,2024-06-03,Technology,0.7759357788678803,156.0,2.1420488937795104,0.23626261597911077,0.028734771690242633,0.9173202165790193,False,0.00851086443832923
AAPL,2024-06-05,2024-06-05,Technology,-1.811536647561558,263.0,3.5045478220436186,0.2312022764633482,0.022948490852505277,0.9173202165790193,False,-0.003081593023212311
AAPL,2024-06-06,2024-06-06,Technology,-0.6444000097897273,214.0,2.357127907681813,0.23129005929451546,0.02932363939890359,0.9173202165790193,False,-0.0070793599804118675
AAPL,2024-06-24,2024-06-24,Technology,-0.1366969366486355,240.0,2.1765923613746136,0.2790947734759421,-0.03150672640005625,0.9173202165790193,False,0.006114398213992319
AAPL,2024-08-05,2024-08-05,Technology,-1.6894807326525902,145.0,2.705391698802767,0.23305917720398256,0.008717194273622164,0.9173202165790193,False,-0.021450901439594532
AAPL,2024-08-28,2024-08-28,Technology,0.1647737977386785,153.0,2.6924811139047606,0.23369195673161725,0.006710688792384012,0.9173202165790193,False,-0.0014281469578937825
AAPL,2024-09-09,2024-09-09,Technology,1.106021650054842,199.0,3.639687557548501,0.21937767588767815,-0.03903564396562975,0.9173202165790193,False,-0.00986304020221842
AAPL,2024-09-10,2024-09-10,Technology,0.1076853707750751,310.0,4.062994503666678,0.21933081615916547,-0.035327484501122663,0.9173202165790193,False,-0.007617033801526637
AAPL,2024-10-28,2024-10-28,Technology,1.0171042136769717,110.0,2.991486373870274,0.23387971025347373,-0.015276682121176055,0.9173202165790193,False,0.005763640857949273
AAPL,2024-11-01,2024-11-01,Technology,0.5372107128608478,97.0,2.0144251985176287,0.1981321720492805,-0.02021081721373874,0.9173202165790193,True,-0.017151414644494566
AAPL,2024-12-13,2024-12-13,Technology,1.5449128512723882,90.0,2.050994487540013,0.14958162094797803,0.020243509217810374,0.9173202165790193,False,0.0008677960708420548
AMZN,2024-02-05,2024-02-05,Consumer Cyclical,-0.39266431210165,2.0,3.328018361531268,0.3043469266830456,0.07975114901216762,1.5032833270632857,False,-0.003256825460477483
AMZN,2024-02-09,2024-02-09,Consumer Cyclical,3.161739150416345,2.0,2.8525240058382497,0.30463136075355146,0.06629832772177502,1.5032833270632857,False,0.018455123560712668
AMZN,2024-02-21,2024-02-21,Consumer Cyclical,0.7663628831814449,2.0,2.3715485287555103,0.3102363101253754,-0.030521031789528363,1.5032833270632857,False,0.007675660244573521
AMZN,2024-02-27,2024-02-27,Consumer Cyclical,3.53677888478226,2.0,2.099603137103137,0.31405492143421837,0.030794651583170296,1.5032833270632857,False,-0.00960324364878759
AMZN,2024-03-21,2024-03-21,Consumer Cyclical,-3.3093044096288726,4.0,3.628430730813709,0.23402340907149474,0.009005416628208529,1.5032833270632857,False,-0.004968129414230021
AMZN,2024-03-29,2024-04-01,Consumer Cyclical,1.28968253968254,11.0,4.795924577246299,0.20555591475480403,0.012517603495534546,1.5032833270632857,False,0.005886102327942214
AMZN,2024-05-01,2024-05-01,Consumer Cyclical,-0.0365357889322949,4.0,4.49271362189291,0.23493224272029856,-0.02528680770805991,1.5032833270632857,True,0.027738623396316373
AMZN,2024-05-07,2024-05-07,Consumer Cyclical,1.593631833721936,5.0,3.855786379922381,0.2600805806718878,0.042771827736575174,1.5032833270632857,False,-0.001340897147232883
AMZN,2024-06-11,2024-06-11,Consumer Cyclical,1.1932380181638331,2.0,2.34359216640273,0.2075424285964515,0.048895376246290256,1.5032833270632857,False,-0.0027116266802421516
AMZN,2024-06-13,2024-06-13,Consumer Cyclical,2.909609439630775,2.0,2.077565659556261,0.18003294948524645,0.03094660551703554,1.5032833270632857,False,-0.019399782010135525
AMZN,2024-06-21,2024-06-21,Consumer Cyclical,1.915748224344845,2.0,2.0996031371031365,0.1541113648902906,-0.004227049540974859,1.5032833270632857,False,0.018028530405999728
AMZN,2024-06-26,2024-06-26,Consumer Cyclical,-0.0337635861193805,12.0,5.012250186662837,0.16577948310413376,0.012387258554488634,1.5032833270632857,False,0.0371385678927685
AMZN,2024-07-27,2024-07-29,Consumer Cyclical,0.995899238429995,2.0,3.048749218101052,0.2666104289943737,-0.0034402056791057456,1.5032833270632857,False,0.002951966810867278
AMZN,2024-08-07,2024-08-07,Consumer Cyclical,-1.67897949972682,2.0,2.38199770014126,0.3843583173716485,-0.10885484182075289,1.5032833270632857,False,0.015235332304773294
AMZN,2024-08-11,2024-08-12,Consumer Cyclical,4.03757599090134,7.0,4.691251366975054,0.36189221538517297,-0.005717638415579485,1.5032833270632857,False,-0.001628629892255071
AMZN,2024-09-05,2024-09-05,Consumer Cyclical,-0.7138652504078585,14.0,4.517700963225338,0.38791565869590705,0.0012130702390851233,1.5032833270632857,False,0.029964270740854664
AMZN,2024-10-17,2024-10-17,Consumer Cyclical,2.664123675198245,2.0,3.177670587308525,0.25518638106955327,0.009288768362647026,1.5032833270632857,False,0.0032953428489312215
AMZN,2024-11-06,2024-11-06,Consumer Cyclical,0.0,2.0,2.6560515674734133,0.28572995065393003,0.04543309797073203,1.5032833270632857,False,0.0006648964346150435
AMZN,2024-11-22,2024-11-22,Consumer Cyclical,2.136770819257765,2.0,2.8525240058382413,0.32047112404598704,-0.061944349864674564,1.5032833270632857,False,-0.011010763305950747
BA,2024-01-15,2024-01-16,Industrials,-1.283590021736037,70.0,2.260095575018015,0.359283164441483,-0.12570282350103534,0.7006981280475161,False,-0.07634352138017263
BA,2024-01-30,2024-01-30,Industrials,-0.6796227372153899,88.0,2.6586389933260226,0.45263292364437463,-0.04531703608750248,0.7006981280475161,True,-0.02260742601691488
BA,2024-02-21,2024-02-21,Industrials,0.8428793479817529,208.0,4.540160630805505,0.4542021802413178,-0.02847182277616067,0.7006981280475161,False,-0.009485597835960058
BA,2024-03-25,2024-03-25,Industrials,-0.9160257959912516,321.0,5.202750686371967,0.24815945970304934,0.03462448565433074,0.7006981280475161,False,0.01549163101673744
BA,2024-05-30,2024-05-30,Industrials,0.0207751969661611,19.0,4.564085931558632,0.36292149033753474,-0.07105750064699967,0.7006981280475161,False,0.011056685867713172
BA,2024-06-27,2024-06-27,Industrials,-0.6550216788746572,30.0,4.158578786041786,0.3515561404817397,0.020058257024130777,0.7006981280475161,False,0.02136025123556875
BA,2024-07-22,2024-07-22,Industrials,3.196215371086696,33.0,3.6783384921058095,0.2452510980432483,-0.014480826202633135,0.7006981280475161,False,-0.011509754301679241
BA,2024-07-23,2024-07-23,Industrials,4.513542386258466,22.0,2.041318286834663,0.24350022765855855,-0.0011725013296386422,0.7006981280475161,False,0.043469179741167145
BA,2024-08-07,2024-08-07,Industrials,-2.466644596005646,80.0,4.649451251159995,0.3707561366323085,-0.116771953617397,0.7006981280475161,False,-0.006222959303845432
BA,2024-09-09,2024-09-09,Industrials,-0.2827117156384026,12.0,3.8164249677011104,0.4256282727778563,-0.08498780829269936,0.7006981280475161,False,0.025716510195633653
BA,2024-09-12,2024-09-12,Industrials,-3.7926606505829854,29.0,4.63454686034954,0.43848591868152226,-0.011579459475023701,0.7006981280475161,False,0.0030234358204125076
BA,2024-09-13,2024-09-13,Industrials,-3.229954724044956,63.0,4.711089680069224,0.4342537376801296,0.003823684238756897,0.7006981280475161,False,-0.040521422643900955
BA,2024-10-09,2024-10-09,Industrials,-2.0101737026569704,105.0,4.401505373297516,0.3366819953396174,0.0027881771001019295,0.7006981280475161,False,-0.038994901031462484
BA,2024-11-30,2024-12-02,Industrials,2.982804018844719,9.0,3.966839128597086,0.3455351546175913,0.08388535298863076,0.7006981280475161,False,0.0058207462208885894
BA,2024-12-01,2024-12-02,Industrials,3.02218276538287,13.0,3.910359202286384,0.3455351546175913,0.08388535298863076,0.7006981280475161,False,0.0058207462208885894
BA,2024-12-02,2024-12-02,Industrials,3.021358896663163,12.0,2.8917843715325624,0.3455351546175913,0.08388535298863076,0.7006981280475161,False,0.0058207462208885894
BA,2024-12-04,2024-12-04,Industrials,3.750667693261286,13.0,2.625494603445176,0.334785179871546,0.01241014905773219,0.7006981280475161,False,0.016810362701022902
BA,2024-12-05,2024-12-05,Industrials,3.664340898571937,14.0,2.4565771040916204,0.3407886988655033,0.04988063509195695,0.7006981280475161,False,-0.009018900079007358
BA,2024-12-06,2024-12-06,Industrials,3.210319092242162,15.0,2.3219745773364324,0.33812876375517664,0.028018401860050446,0.7006981280475161,False,-0.018817190356677727
BA,2024-12-08,2024-12-09,Industrials,3.051366983223421,16.0,2.10556908416787,0.3402563274178575,-0.009714421911401039,0.7006981280475161,False,0.023812360032796954
CAT,2024-01-11,2024-01-11,Industrials,2.118294233453139,12.0,2.2867977879026,0.24703568654824926,0.031832575314280076,1.2230455654877739,False,-0.003858710733489407
CAT,2024-02-05,2024-02-05,Industrials,1.0888225481997755,37.0,4.65065306313517,0.22883813586663782,0.0522994856267176,1.2230455654877739,True,0.024479212907826023
CAT,2024-04-03,2024-04-03,Industrials,0.5848039186862763,14.0,2.40642949022713,0.1793934267779056,0.024947209938400494,1.2230455654877739,False,0.028698220930125824
CAT,2024-04-25,2024-04-25,Industrials,-0.1188693120068974,23.0,3.89148091415249,0.20460622027795933,0.018210333305410442,1.2230455654877739,True,-0.0655559798910835
CAT,2024-06-04,2024-06-04,Industrials,0.9067898829279616,11.0,2.0180189267514126,0.31753158463591186,-0.0502722524764907,1.2230455654877739,False,-0.012804538067091947
CAT,2024-06-07,2024-06-07,Industrials,-2.1994302337628784,15.0,2.824454612779099,0.3131004411401822,-0.0323066465491304,1.2230455654877739,False,0.0034666879857927413
CAT,2024-06-12,2024-06-12,Industrials,2.392150710907373,23.0,3.7363722187828072,0.2279604863676124,-0.0007936526924904319,1.2230455654877739,False,-0.0057067160685284266
CAT,2024-06-26,2024-06-26,Industrials,-4.774921261603358,71.0,4.916300877090274,0.17477874132984964,0.015508685768326869,1.2230455654877739,False,-0.00357280663551552
CAT,2024-08-06,2024-08-06,Industrials,0.9281355482713636,26.0,4.495086865426568,0.2887718915610712,-0.08048640135134633,1.2230455654877739,True,0.01915312339277702
CAT,2024-09-02,2024-09-03,Industrials,1.8133863547837128,22.0,2.8226953248848847,0.2725375614002262,0.02207166772722724,1.2230455654877739,False,-0.019368957856817054
CAT,2024-09-09,2024-09-09,Industrials,0.9361678848183356,17.0,2.014491059406012,0.2883728715993966,-0.06336033290933574,1.2230455654877739,False,0.0005156773048862126
CAT,2024-10-11,2024-10-11,Industrials,0.313876217694683,17.0,2.0746187078226286,0.30020684574620954,0.014191312039539827,1.2230455654877739,False,0.006239799257543494
CAT,2024-10-30,2024-10-30,Industrials,1.444188223262728,29.0,3.688538890798932,0.2703966415589237,-0.0024454915893781237,1.2230455654877739,True,-0.017641255508265365
CVX,2024-01-11,2024-01-11,Energy,-5.448705550461947,182.0,3.005629414027338,0.19124689858263882,-0.051401624475737595,0.37794703211286573,False,0.005564713557063768
CVX,2024-03-06,2024-03-06,Energy,-5.786948742814609,300.0,5.245661343900109,0.21037559911248066,-0.016890124383285632,0.37794703211286573,False,-0.010338130676552648
CVX,2024-03-07,2024-03-07,Energy,-5.763996319890285,183.0,2.570099552787572,0.2121290064867517,-0.02632272042034378,0.37794703211286573,False,0.0032598831391602353
CVX,2024-07-04,2024-07-05,Energy,-0.3751013834282539,19.0,2.2980198016128317,0.19014674994857453,0.00487364761367548,0.37794703211286573,False,-0.01749447549720445
CVX,2024-07-05,2024-07-05,Energy,-2.3516861589036133,33.0,3.8672102006584,0.19014674994857453,0.00487364761367548,0.37794703211286573,False,-0.01749447549720445
CVX,2024-07-11,2024-07-11,Energy,-4.750056541241317,57.0,4.260976691826773,0.1947360438524462,-0.010334986347287245,0.37794703211286573,False,0.004096844288293402
CVX,2024-08-02,2024-08-02,Energy,-0.5936617867542993,65.0,3.508581339206053,0.24205027554848108,-0.031230011717491957,0.37794703211286573,True,-0.019630781074615182
CVX,2024-09-02,2024-09-03,Energy,1.0174412538795514,39.0,3.094985257873915,0.23494042152998215,0.0022354775791997294,0.37794703211286573,False,-0.014459435038801642
CVX,2024-10-16,2024-10-16,Energy,1.5670686927332045,23.0,2.0704274195746524,0.20019540561494384,-0.006857247921003284,0.37794703211286573,False,0.005126450816015553
CVX,2024-11-01,2024-11-01,Energy,0.3713469362238323,33.0,2.9006628906262804,0.17842149310117753,-0.010834079479048242,0.37794703211286573,True,0.026962751093027582
CVX,2024-12-06,2024-12-06,Energy,-2.331102371651103,29.0,3.3246431020748504,0.1818983678308906,-0.017148781481652442,0.37794703211286573,False,-0.02638628455523607
CVX,2024-12-11,2024-12-11,Energy,-1.3791111111551606,22.0,2.039184425545402,0.20121192445795086,-0.030385553149019473,0.37794703211286573,False,-0.00795355138636386
DIS,2024-02-07,2024-02-07,Communication Services,-0.8451605862790338,666.0,4.438792779547724,0.2184561368871384,0.024241848561304957,0.5502283696972687,True,-0.006099985836544751
DIS,2024-02-08,2024-02-08,Communication Services,1.089606828871894,728.0,3.5631648380097327,0.21509027002275663,0.032170663161649404,0.5502283696972687,True,0.11474591248284684
DIS,2024-04-03,2024-04-03,Communication Services,0.4650665748706262,276.0,2.953687620238288,0.1869017972869109,0.0289880157153235,0.5502283696972687,False,-0.03186967137623166
DIS,2024-04-04,2024-04-04,Communication Services,1.0171270834839314,317.0,2.980350753859351,0.2020053641677577,-0.007921292221860332,0.5502283696972687,False,-0.009168991788813762
DIS,2024-04-17,2024-04-17,Communication Services,0.520213264208689,350.0,2.6720164347969586,0.21563110032479402,-0.03466991170811873,0.5502283696972687,False,-0.004997820491716106
DIS,2024-05-07,2024-05-07,Communication Services,1.0761875766801623,501.0,3.475729293801324,0.2154132212185613,0.0391683236716891,0.5502283696972687,True,-0.09573895914227204
DIS,2024-05-26,2024-05-28,Communication Services,2.540542779585546,954.0,4.533041209019795,0.32049640709524196,-0.014430829322216288,0.5502283696972687,False,0.00629780203045804
DIS,2024-07-03,2024-07-03,Communication Services,-0.8609831587073569,260.0,2.1999426944454865,0.17754331721975794,-0.041193636183355475,0.5502283696972687,False,0.003871565919161815
DIS,2024-07-11,2024-07-11,Communication Services,-1.639262007616742,248.0,2.0073455010146453,0.16387832109574746,-0.005843801787310587,0.5502283696972687,False,0.0009286610765249538
DIS,2024-07-24,2024-07-24,Communication Services,2.7306729926753537,322.0,2.9471423654153983,0.1752583570192817,-0.07647000478175392,0.5502283696972687,False,-6.624085830266371e-05
DIS,2024-08-07,2024-08-07,Communication Services,1.1714011919950036,333.0,2.9316939761161427,0.23384318750563446,-0.04072924463718264,0.5502283696972687,True,-0.04089275327936549
DIS,2024-08-11,2024-08-12,Communication Services,3.398042004949549,395.0,3.0148847910191976,0.2616702089911566,-0.03751251899094987,0.5502283696972687,False,-0.0033051309877535928
DIS,2024-08-12,2024-08-12,Communication Services,4.386666939230698,390.0,2.519314393551287,0.2616702089911566,-0.03751251899094987,0.5502283696972687,False,-0.0033051309877535928
DIS,2024-10-16,2024-10-16,Communication Services,0.5804190380050394,157.0,2.6094714309403244,0.16795151383357437,0.018484293502794902,0.5502283696972687,False,0.02446073576508647
DIS,2024-10-21,2024-10-21,Communication Services,2.363655237305183,258.0,3.7248521845579496,0.17870975332524316,0.03346430406221024,0.5502283696972687,False,-0.005880824202341772
DIS,2024-11-10,2024-11-11,Communication Services,1.8268315231630503,256.0,2.8733546839291986,0.1881941884319761,0.033503750869879,0.5502283696972687,False,0.018058126392718254
DIS,2024-11-14,2024-11-14,Communication Services,1.829540249858581,267.0,2.620419464660352,0.1861400788746837,0.03872978764239621,0.5502283696972687,True,0.06584347423192628
DIS,2024-12-17,2024-12-17,Communication Services,2.425127130637282,439.0,4.258807078348828,0.277563366506791,-0.017478690812107067,0.5502283696972687,False,0.01038396537923042
GS,2024-01-16,2024-01-16,Financial Services,-0.1312592826618975,1042.0,2.662943503055013,0.23726748957604676,-0.022487224985835108,1.2167243162342065,True,0.01161432404587625
GS,2024-04-15,2024-04-15,Financial Services,-0.2762174147284076,1169.0,2.8036436241771376,0.21754924924768393,-0.04553144375310647,1.2167243162342065,True,0.044486591924147695
GS,2024-04-16,2024-04-16,Financial Services,0.3766651127258714,1077.0,2.1039344120594743,0.23312204718617718,-0.023530027560096922,1.2167243162342065,True,-0.007808952507396522
GS,2024-06-18,2024-06-18,Financial Services,-0.5291783068643313,971.0,2.4777675492065563,0.16272494125798587,-0.007430337172591006,1.2167243162342065,False,0.013013350587791402
GS,2024-07-15,2024-07-15,Financial Services,0.1802405815047394,935.0,2.2960167680731005,0.1942057266744408,0.03255494963003325,1.2167243162342065,True,0.02238960673003813
GS,2024-08-05,2024-08-05,Financial Services,-2.2963194260781656,1263.0,3.3624571368753307,0.29988796042835075,-0.05689027627346288,1.2167243162342065,False,0.010746004551907135
GS,2024-08-19,2024-08-19,Financial Services,-2.1849378174788643,1238.0,2.855021028947129,0.2984989160980725,0.028556194713416083,1.2167243162342065,False,-0.010800721053012729
GS,2024-09-11,2024-09-11,Financial Services,-0.8068554767496383,1123.0,2.418901768440844,0.33319991639081276,-0.04170597834630041,1.2167243162342065,False,-0.0038333745829914143
GS,2024-10-15,2024-10-15,Financial Services,0.2234882360211217,1009.0,2.6308237202419438,0.27633575775483016,0.056871865641483055,1.2167243162342065,True,0.008745636821996316
JPM,2024-01-23,2024-01-23,Financial Services,1.3382047877802197,840.0,2.492425781971272,0.11623873830358905,0.006270219302618285,0.7781737755187822,False,-0.008853522360480048
JPM,2024-01-24,2024-01-24,Financial Services,1.3036343360282978,905.0,2.4537711829453595,0.11954866712784092,0.005952721127019611,0.7781737755187822,False,0.008084786527496562
JPM,2024-01-28,2024-01-29,Financial Services,1.3756769176496604,1203.0,3.0542810290620537,0.12336669170946177,0.011567163016426907,0.7781737755187822,False,-0.0035505589032450635
JPM,2024-05-02,2024-05-02,Financial Services,1.3833441682718095,1094.0,2.684671289540271,0.2471950808365585,-0.006318773245974629,0.7781737755187822,False,-0.00832092183652875
JPM,2024-07-12,2024-07-12,Financial Services,1.3021801492627876,809.0,2.590668108183963,0.17602667611037232,-0.00043369639413748384,0.7781737755187822,True,-0.017007674223281033
JPM,2024-07-25,2024-07-25,Financial Services,1.1061144602901474,841.0,2.12603020542006,0.20915717863634836,-0.03817956473398809,0.7781737755187822,False,0.004437927181210009
JPM,2024-07-26,2024-07-26,Financial Services,1.5314994918423703,953.0,2.5725173488622843,0.19163826737960754,-0.006238656987295976,0.7781737755187822,False,0.008393258346180273
JPM,2024-08-31,2024-09-03,Financial Services,1.524788823570799,921.0,2.2181840007066165,0.21937156015635323,0.02972840084511108,0.7781737755187822,False,-0.004003607741301495
JPM,2024-09-02,2024-09-03,Financial Services,1.450878432380909,985.0,2.198515540923477,0.21937156015635323,0.02972840084511108,0.7781737755187822,False,-0.004003607741301495
JPM,2024-10-11,2024-10-11,Financial Services,1.1083427928700893,866.0,2.097753201236593,0.24707226195977727,0.04343556618665323,0.7781737755187822,True,0.03973970149160973
JPM,2024-10-17,2024-10-17,Financial Services,1.4687853341446475,840.0,2.0263184889322536,0.2715150429904537,0.04788663854172892,0.7781737755187822,False,0.003421009833283389
KO,2024-01-15,2024-01-16,Consumer Defensive,-0.6202184741016268,5.0,3.099340466946034,0.11759692919296755,0.01206643446669764,0.09784619452782438,False,-0.006264508265775013
KO,2024-02-01,2024-02-01,Consumer Defensive,1.9944433791776728,3.0,2.119038126283989,0.11554674536633715,0.009845618606081352,0.09784619452782438,False,0.023765522117595705
KO,2024-02-07,2024-02-07,Consumer Defensive,2.182884442147309,9.0,4.221953937003539,0.12230614062567578,0.0006677834962782736,0.09784619452782438,False,1.8075672264787558e-05
KO,2024-03-26,2024-03-26,Consumer Defensive,6.80529300567108,2.0,2.0773724245970406,0.10845563839266124,0.0044902070815189266,0.09784619452782438,False,0.002498582957030852
KO,2024-04-22,2024-04-22,Consumer Defensive,0.2542068182696105,2.0,3.267609635080773,0.12592299491912615,0.03242953758948208,0.09784619452782438,False,0.005414498372566989
KO,2024-05-15,2024-05-15,Consumer Defensive,3.957007904376325,2.0,2.748105407973522,0.11552765359111097,0.007665252794606392,0.09784619452782438,False,-0.0007361905185323077
KO,2024-05-25,2024-05-28,Consumer Defensive,0.5720702282306851,2.0,2.6560515674734178,0.10474904770844291,-0.01634141918790022,0.09784619452782438,False,-0.002971665303682043
KO,2024-07-04,2024-07-05,Consumer Defensive,4.41849602989257,1.0,2.506657801402756,0.11474589173864598,-0.011241075842213899,0.09784619452782438,False,0.006225476419730065
KO,2024-07-09,2024-07-09,Consumer Defensive,0.510855683269476,1.0,2.1984843263788147,0.12151153408483505,-0.010840544346294556,0.09784619452782438,False,-0.004383667259263716
KO,2024-07-12,2024-07-12,Consumer Defensive,5.42797494780793,1.0,2.1984843263788147,0.11401368969482673,-0.0036318582978537295,0.09784619452782438,False,0.008891514788899605
KO,2024-07-24,2024-07-24,Consumer Defensive,0.1881484086513092,4.0,4.867410262300505,0.11565743221725773,0.010736031367874155,0.09784619452782438,True,0.01530235837313141
KO,2024-10-05,2024-10-07,Consumer Defensive,1.88383045525903,1.0,2.5066578014027545,0.12943267263911526,-0.0225659328346286,0.09784619452782438,False,-0.015646739596971018
KO,2024-10-08,2024-10-08,Consumer Defensive,1.48148148148148,1.0,2.5066578014027545,0.13731690149933537,-0.03966045343929836,0.09784619452782438,False,0.0015381176014036433
KO,2024-10-16,2024-10-16,Consumer Defensive,3.2121079504011703,2.0,3.975714565497156,0.12889336778000446,0.016767644120380787,0.09784619452782438,False,0.002844621838339858
KO,2024-10-18,2024-10-18,Consumer Defensive,-0.1694705146642765,6.0,4.859793553707734,0.11912508277123546,0.009386264446721082,0.09784619452782438,False,0.007349031343741656
KO,2024-11-04,2024-11-04,Consumer Defensive,1.915033554855246,5.0,2.819702541143966,0.12380979498623997,-0.028541500234054107,0.09784619452782438,False,0.0017490648062573086
KO,2024-11-26,2024-11-26,Consumer Defensive,2.962962962962965,4.0,2.924387254849557,0.14724244485801266,0.040737221082054464,0.09784619452782438,False,0.0021297155402269004
KO,2024-12-01,2024-12-02,Consumer Defensive,0.1389179816599148,4.0,2.5218344756956226,0.14618388132257396,0.012641505874065873,0.09784619452782438,False,-0.0068856563731896515
MSFT,2024-01-16,2024-01-16,Technology,0.9999814628935704,88.0,2.579379046274149,0.15215401090991743,0.056342565423664226,1.1259869140055228,False,0.008767238036213541
MSFT,2024-01-30,2024-01-30,Technology,0.9818280388723858,102.0,2.608064750086554,0.14251570975329436,0.03331574240541868,1.1259869140055228,True,-0.00188732202412323
MSFT,2024-01-31,2024-01-31,Technology,0.5478272557623942,129.0,3.0153412225899623,0.12164551494519958,0.02429178720466152,1.1259869140055228,True,-0.008573191675505718
MSFT,2024-04-25,2024-04-25,Technology,0.4535246680815977,97.0,2.775453499986204,0.17787927623466465,-0.006750338003235767,1.1259869140055228,True,-0.020217456084896248
MSFT,2024-04-26,2024-04-26,Technology,1.0606890618238052,146.0,3.6273305802714777,0.19105152035956424,-0.01293688317907149,1.1259869140055228,True,0.007576449581375686
MSFT,2024-06-13,2024-06-13,Technology,0.0663233522780918,91.0,2.246327695524341,0.17589473828800356,0.04021131978807779,1.1259869140055228,False,-0.0010879971999193934
MSFT,2024-07-03,2024-07-03,Technology,-0.1726002544353119,91.0,2.077258663596449,0.16923986033137609,0.018472177972442605,1.1259869140055228,False,-0.0017809149973468134
MSFT,2024-07-19,2024-07-19,Technology,-2.9802946609025165,159.0,3.987865624651226,0.1742752351978938,-0.031515281741710366,1.1259869140055228,False,7.413070628864166e-05
MSFT,2024-09-17,2024-09-17,Technology,0.9976125228836454,71.0,2.336536702366258,0.1948887831652966,0.06314704371897317,1.1259869140055228,False,0.00837284036293988
MSFT,2024-11-13,2024-11-13,Technology,1.1183631075652207,64.0,2.121148433735365,0.2303513915577278,0.028119421872393024,1.1259869140055228,False,0.004582724658490444
MSFT,2024-11-20,2024-11-20,Technology,2.3154621482300897,70.0,2.0603760592714284,0.2371153587483121,-0.012386806696271568,1.1259869140055228,False,-0.005886478945140984
NKE,2024-02-16,2024-02-16,Consumer Cyclical,0.0023578428559628,25.0,5.053539203588,0.23621944411025064,0.021971826036987885,0.6434150195796602,False,-0.020746869576491623
NKE,2024-03-21,2024-03-21,Consumer Cyclical,1.3851525255747823,20.0,4.186638294874161,0.20235146103052767,-0.010753825695002162,0.6434150195796602,True,0.0033588746680584753
NKE,2024-03-22,2024-03-22,Consumer Cyclical,0.1602858508766209,31.0,4.144970633223868,0.19997048698430922,0.005585386901907796,0.6434150195796602,True,-0.06781410641551566
NKE,2024-06-21,2024-06-21,Consumer Cyclical,1.9865511203770687,12.0,3.860635919262679,0.17687499732454937,0.020174997901713843,0.6434150195796602,False,0.017709208613787542
NKE,2024-06-24,2024-06-24,Consumer Cyclical,0.0140223342463343,10.0,2.622798671661832,0.18260048284698396,0.03185392800868225,0.6434150195796602,False,0.0019884376842284257
NKE,2024-06-27,2024-06-27,Consumer Cyclical,0.761986496618783,23.0,4.22563101566675,0.17400096225450526,-0.007596594187410877,0.6434150195796602,True,0.0003677752656539772
NKE,2024-06-28,2024-06-28,Consumer Cyclical,-0.5226577484486312,59.0,4.815439566325388,0.1740132233709742,-0.01443950498296176,0.6434150195796602,True,-0.19727698470208027
NKE,2024-08-28,2024-08-28,Consumer Cyclical,0.3112585336345567,4.0,2.537128291844539,0.2927617795880763,0.020703607399849444,0.6434150195796602,False,-0.02557637369742013
NKE,2024-08-30,2024-08-30,Consumer Cyclical,1.922925244413637,7.0,3.7697894128445046,0.3068563930994885,-0.001798342575909162,0.6434150195796602,False,-0.005421415011918605
NKE,2024-09-19,2024-09-19,Consumer Cyclical,1.680786603632061,12.0,4.202959813557508,0.25962792025809095,0.03188790125881935,0.6434150195796602,False,-0.009990654680038924
NKE,2024-09-20,2024-09-20,Consumer Cyclical,-0.0014356824511254,61.0,5.166393032726589,0.2596859722222347,0.032908406012651215,0.6434150195796602,False,0.06952383362935231
NKE,2024-10-02,2024-10-02,Consumer Cyclical,-0.3636872485417105,33.0,2.1157792328191767,0.25725056882038433,0.019094300146200505,0.6434150195796602,True,-0.06792560482283239
NKE,2024-12-10,2024-12-10,Consumer Cyclical,2.735779914841632,3.0,2.147426769102261,0.23797603509999116,-0.0183335604572199,0.6434150195796602,False,-0.00959160897700568
NKE,2024-12-13,2024-12-13,Consumer Cyclical,0.469720820094604,3.0,2.400028636713308,0.24396519558188184,-0.007890010572024542,0.6434150195796602,False,-0.008979449783745702
NKE,2024-12-16,2024-12-16,Consumer Cyclical,1.3146861892181665,3.0,2.041028673390496,0.24444069090402706,-0.020788425900700402,0.6434150195796602,False,-0.0033949194747700815
NKE,2024-12-19,2024-12-19,Consumer Cyclical,-0.3151494983960122,15.0,4.938984578123858,0.24327824979434848,-0.024730471484929684,0.6434150195796602,True,0.0027983878615312876
NKE,2024-12-20,2024-12-20,Consumer Cyclical,-0.3264083493454816,14.0,3.3962673679544046,0.22103742502818646,-0.01103137939597243,0.6434150195796602,True,-0.009803133612480211
NVDA,2024-02-12,2024-02-12,Technology,0.5061245944995456,36.0,3.479957804495886,0.34888204424062713,0.09028136378223706,2.637954335453702,False,0.002751515759909533
NVDA,2024-02-13,2024-02-13,Technology,0.9984177378496704,37.0,2.929555571855645,0.34902807386623286,0.04205852728350856,2.637954335453702,False,0.03467208133353208
NVDA,2024-02-14,2024-02-14,Technology,1.2406474147509103,33.0,2.178002378790666,0.34959413938112505,0.05723887241004344,2.637954335453702,False,0.0005947612594586413
NVDA,2024-02-15,2024-02-15,Technology,0.9541840956949812,47.0,2.951128308783044,0.3295416791144079,0.05422334955313146,2.637954335453702,False,-0.03500777776443127
NVDA,2024-02-20,2024-02-20,Technology,0.1324169648089238,43.0,2.100937022279661,0.33540463641448176,0.006653956136592143,2.637954335453702,True,-0.02900895022035728
NVDA,2024-02-21,2024-02-21,Technology,0.9082548610173526,87.0,3.780689387061277,0.3733840653726728,-0.038699817315070106,2.637954335453702,True,-0.030898728650011604
NVDA,2024-02-22,2024-02-22,Technology,1.0943147456517828,194.0,4.6121854185689575,0.35673021343339656,-0.06455185591301149,2.637954335453702,True,0.10941513916237713
NVDA,2024-02-23,2024-02-23,Technology,1.409418198150706,141.0,2.648819367131234,0.5742355778670651,0.06276066461241125,2.637954335453702,False,0.0017330167956265603
NVDA,2024-05-21,2024-05-21,Technology,0.0723634837525384,52.0,3.821265752982888,0.5403097842851673,0.04846288679134125,2.637954335453702,True,-7.569318966151213e-05
NVDA,2024-05-22,2024-05-22,Technology,0.188298695848056,79.0,4.04034889102856,0.5356173168832501,0.04411316893221806,2.637954335453702,True,0.0030243970261189974
NVDA,2024-05-23,2024-05-23,Technology,0.9121566865237262,167.0,4.586293369697186,0.5341480174247913,0.003381463468056012,2.637954335453702,True,0.1124646746719901
NVDA,2024-06-25,2024-06-25,Technology,-0.6114208656413871,92.0,2.782306115594281,0.524731713057671,-0.10441318507403119,2.637954335453702,False,0.05740569498352978
NVDA,2024-07-31,2024-07-31,Technology,-0.3895538714325087,45.0,2.479550113901931,0.5709962416402148,-0.15384615384615374,2.637954335453702,False,0.08524212463106891
NVDA,2024-08-28,2024-08-28,Technology,0.4568907511984792,65.0,3.0459927099892345,0.7560832763258072,0.00825170539028175,2.637954335453702,True,-0.0056526390221559464
NVDA,2024-08-29,2024-08-29,Technology,0.3119731606331808,100.0,3.770839138735359,0.7317834553052055,-0.022490344654588545,2.637954335453702,True,-0.06408484804520355
NVDA,2024-08-30,2024-08-30,Technology,0.3864934586878709,71.0,2.123065726184745,0.753286428932274,-0.04970102201299609,2.637954335453702,False,-0.010044778394389598
NVDA,2024-10-15,2024-10-15,Technology,-0.2469351459237743,39.0,2.60375218404438,0.5100930462348318,0.08103671086009712,2.637954335453702,False,-0.026364770628273415
NVDA,2024-11-18,2024-11-18,Technology,0.0886861969972328,49.0,3.978390641685405,0.37515754909813254,-0.03827128492138265,2.637954335453702,False,-0.02369744964672804
NVDA,2024-11-19,2024-11-19,Technology,0.3930674416404627,37.0,2.337889675988496,0.3744994645230726,-0.03517814535165886,2.637954335453702,True,0.03930384473418294
NVDA,2024-11-20,2024-11-20,Technology,0.4381011133443899,68.0,3.7425220061787448,0.3825097489343747,-0.008631816482280175,2.637954335453702,True,-0.008511979507511163
NVDA,2024-11-21,2024-11-21,Technology,0.1967671663295689,82.0,3.4630814572325592,0.383599940430372,-0.002597953232871486,2.637954335453702,True,-0.008815010152899502
PFE,2024-01-26,2024-01-26,Healthcare,-1.1269512738342131,36.0,2.1531825567339857,0.31265725045196424,-0.007355651008773778,0.22607527745863967,False,0.00028719117632273897
PFE,2024-01-30,2024-01-30,Healthcare,0.091652660427531,49.0,2.9415248602039377,0.24071785339395368,-0.014711156194520236,0.22607527745863967,True,-0.0165645211529375
PFE,2024-02-20,2024-02-20,Healthcare,-2.088166940133952,50.0,2.4599067343846666,0.19257177147418722,0.0021771945446649177,0.22607527745863967,False,0.00015839835689921257
PFE,2024-03-18,2024-03-18,Healthcare,1.129699920901398,46.0,2.1449657592880285,0.27222357990653195,0.02645113033817692,0.22607527745863967,False,-0.009217479005892223
PFE,2024-05-01,2024-05-01,Healthcare,1.7538435003511634,56.0,3.179101335962224,0.1821035260145869,-0.02659558122066652,0.22607527745863967,True,0.06162394564894201
PFE,2024-07-30,2024-07-30,Healthcare,0.55364450671934,41.0,3.0045131433810117,0.21349595151154158,0.05248471908153762,0.22607527745863967,True,0.022955348525886498
PFE,2024-08-22,2024-08-22,Healthcare,0.2715451705633611,39.0,2.805496163239615,0.2209153154479382,0.0051939755443908275,0.22607527745863967,False,-0.006837392981347056
PFE,2024-08-23,2024-08-23,Healthcare,0.6811244536184529,41.0,2.55583516508024,0.22081089118211245,0.002438327344380431,0.22607527745863967,False,0.0017674759614090328
PFE,2024-08-28,2024-08-28,Healthcare,0.9009115743961168,39.0,2.036808138854021,0.21549446382346038,-0.002768232610576349,0.22607527745863967,False,-0.001116437356007648
PFE,2024-09-02,2024-09-03,Healthcare,1.0248591719188591,50.0,2.7099095950188508,0.2070397160821937,0.0038061898441830166,0.22607527745863967,False,-0.019821974501196278
PFE,2024-10-10,2024-10-10,Healthcare,-0.5552178244134973,42.0,2.581616147945675,0.21389192021508266,0.055225388709119416,0.22607527745863967,False,-0.02775932948161952
PFE,2024-10-29,2024-10-29,Healthcare,0.8835466054449608,62.0,3.6017671734329,0.18981948679701316,-0.0024197843958674303,0.22607527745863967,True,-0.014225926456761372
PFE,2024-11-15,2024-11-15,Healthcare,-0.4643255789963694,45.0,2.0843114445225246,0.22539727755979874,-0.03772189198769216,0.22607527745863967,False,-0.043991330381033665
PFE,2024-12-30,2024-12-30,Healthcare,-1.3504951660209332,103.0,4.869235911799589,0.2896017312467565,0.032984030564847,0.22607527745863967,False,-0.004933182640361971
TSLA,2024-02-02,2024-02-02,Consumer Cyclical,-1.8831634599821856,240.0,3.940682021693584,0.46506155479949685,0.034112662547080896,2.3616064684707094,False,-0.029891646989541904
TSLA,2024-03-05,2024-03-05,Consumer Cyclical,-1.05060624867086,69.0,2.6995750911087524,0.5442362457485576,-0.05646938240470256,2.3616064684707094,False,-0.015730610354497472
TSLA,2024-04-02,2024-04-02,Consumer Cyclical,-1.479173376261374,152.0,4.483069112323423,0.432654379128573,0.02569805855291163,2.3616064684707094,False,-0.03400893065385986
TSLA,2024-04-15,2024-04-15,Consumer Cyclical,-1.0774448959244336,168.0,3.1917825625117238,0.4774733660851734,0.03729538740392013,2.3616064684707094,False,-0.026362138421761282
TSLA,2024-04-17,2024-04-17,Consumer Cyclical,-1.5729593328680709,184.0,2.859150439892629,0.46424332942306146,-0.11177071306369013,2.3616064684707094,False,0.003410826734357518
TSLA,2024-06-11,2024-06-11,Consumer Cyclical,-1.1624502583565404,60.0,2.7314562545054497,0.597852171297624,-0.01418117927965612,2.3616064684707094,False,-0.023697732755818372
TSLA,2024-06-13,2024-06-13,Consumer Cyclical,-0.801330331133379,135.0,4.393370824031574,0.3789270866375186,0.013085675920758932,2.3616064684707094,False,0.024463141371045653
TSLA,2024-07-23,2024-07-23,Consumer Cyclical,0.2730596992310853,74.0,3.050525551091306,0.5871640894826838,-0.004472786912375293,2.3616064684707094,True,-0.016692299916526168
TSLA,2024-07-24,2024-07-24,Consumer Cyclical,0.5128446565294548,138.0,4.171983176389507,0.5933135782306895,-0.039678799394501585,2.3616064684707094,True,-0.06982631841504652
TSLA,2024-10-02,2024-10-02,Consumer Cyclical,-0.4511160919182966,57.0,3.359318690615634,0.5284258390759067,0.014748042152831653,2.3616064684707094,False,-0.03587799005420593
TSLA,2024-10-03,2024-10-03,Consumer Cyclical,-0.3569565853140219,41.0,2.225386527737879,0.540132068025157,-0.031125924376198544,2.3616064684707094,False,-0.02925364888125916
TSLA,2024-10-04,2024-10-04,Consumer Cyclical,-0.977412417821784,44.0,2.189192750169991,0.5509741708963274,-0.053339617235001024,2.3616064684707094,False,0.017681427079744926
TSLA,2024-10-11,2024-10-11,Consumer Cyclical,0.1794865566707248,116.0,4.275249630254111,0.5171631611427844,-0.00785340048569938,2.3616064684707094,False,-0.1019672155196848
TSLA,2024-10-24,2024-10-24,Consumer Cyclical,0.95191303288372,88.0,2.486602283859115,0.45691247645890104,-0.03469935332324536,2.3616064684707094,True,0.21408291715589098
TSLA,2024-11-06,2024-11-06,Consumer Cyclical,0.6770968793179581,92.0,2.3467932216558207,0.7677820619908804,-0.031134351550238026,2.3616064684707094,False,0.08878731742234894
TSLA,2024-12-18,2024-12-18,Consumer Cyclical,-0.7226721616271635,44.0,2.110449342022882,0.6929839567006629,0.1966881893263437,2.3616064684707094,False,-0.012411140481943375
TSLA,2024-12-29,2024-12-30,Consumer Cyclical,0.4374122166742863,119.0,4.588672430744076,0.6179284647482243,-0.01034002711507398,2.3616064684707094,False,-0.0060621728044870475
UNH,2024-02-21,2024-02-21,Healthcare,-0.6076928724098243,75.0,2.5569458886473457,0.22145464510796303,0.006607066760712321,0.15481931006674018,False,0.0016059313716016738
UNH,2024-02-23,2024-02-23,Healthcare,-3.1461235116066426,301.0,4.901004803249028,0.22296933183297046,0.018493668142378406,0.15481931006674018,False,0.001298634769155677
UNH,2024-03-01,2024-03-01,Healthcare,-1.962043067678456,236.0,2.657396221625913,0.22471118077175997,-0.06248816243444777,0.15481931006674018,False,-0.00969907884536946
UNH,2024-04-16,2024-04-16,Healthcare,-0.0239379144748013,201.0,3.998349115957205,0.2502007701490569,-0.022741106500790753,0.15481931006674018,True,0.05247818019369613
UNH,2024-04-23,2024-04-23,Healthcare,-0.8363659391309738,265.0,3.8821123433415554,0.3144567540503652,0.10232710902686959,0.15481931006674018,False,-0.0121176675980331
UNH,2024-06-19,2024-06-20,Healthcare,-0.9259666944878394,90.0,2.7692662417665312,0.20899532986861089,-0.026458555869514733,0.15481931006674018,False,0.007634084334035257
UNH,2024-06-26,2024-06-26,Healthcare,-1.6172135722028709,86.0,2.296441917805097,0.20844061820007553,-0.0096684180606873,0.15481931006674018,False,-0.001142451562807311
UNH,2024-07-16,2024-07-16,Healthcare,0.2526644094995766,214.0,4.517338810636962,0.23830132020771458,0.0531940040374379,0.15481931006674018,True,0.06408393007219752
UNH,2024-09-20,2024-09-20,Healthcare,-0.8888936309914094,44.0,2.1335941142312738,0.1389192390842552,-0.015811252897248496,0.15481931006674018,False,-0.0033195817134409333
UNH,2024-10-14,2024-10-14,Healthcare,0.4298532833871014,100.0,4.592225546588932,0.14510473866356408,0.011586515399915287,0.15481931006674018,True,0.011024107441555806
UNH,2024-10-15,2024-10-15,Healthcare,0.2389952624977715,146.0,4.241966267208522,0.14875192776346788,0.03742559562750025,0.15481931006674018,True,-0.0799172618753945
UNH,2024-11-12,2024-11-12,Healthcare,1.1263551267167635,102.0,2.2335444772131923,0.3302511561286884,0.1209815863859467,0.15481931006674018,False,-0.01644028472104654
UNH,2024-11-13,2024-11-13,Healthcare,1.1672953774884662,96.0,2.062545487272959,0.334760777073959,0.08401663833129214,0.15481931006674018,False,-0.014391734095138341
UNH,2024-12-04,2024-12-04,Healthcare,-2.893010296526806,1240.0,5.267864280463822,0.26524826072467,-0.0009904941548135593,0.15481931006674018,False,0.008225194012825376
UNH,2024-12-05,2024-12-05,Healthcare,-3.7745577238475785,1347.0,3.8321146249718137,0.26561626741218025,0.00659197405531553,0.15481931006674018,False,-0.05184161239924364
UNH,2024-12-06,2024-12-06,Healthcare,-4.063621383949873,1088.0,2.5597492845646754,0.3077331818253033,-0.048341457159931434,0.15481931006674018,False,-0.050986885785587646
UNH,2024-12-10,2024-12-10,Healthcare,-4.903203609519843,1390.0,2.431569594164364,0.34854273594643514,-0.07518203038377691,0.15481931006674018,False,0.00863293523199312
WMT,2024-02-20,2024-02-20,Consumer Defensive,0.8746603237800643,69.0,3.9641091340805255,0.1159300610951907,0.006379951951864582,0.2840071625143774,True,0.03384822926225861
WMT,2024-02-21,2024-02-21,Consumer Defensive,0.7449098275320118,58.0,2.637745561835668,0.14113769506012094,0.03264846947999933,0.2840071625143774,True,-0.012539771970078172
WMT,2024-02-29,2024-02-29,Consumer Defensive,-0.1238536929808447,86.0,3.3597019002845085,0.15268134473741746,0.029706377349248747,0.2840071625143774,False,-0.017961648479867053
WMT,2024-04-10,2024-04-10,Consumer Defensive,0.6307185456967821,23.0,2.004047041929296,0.11174060713553874,0.010649128301107647,0.2840071625143774,False,0.01672566780999328
WMT,2024-04-30,2024-04-30,Consumer Defensive,1.1629472303738506,50.0,4.403651274823625,0.11433365781946722,0.0016628499036268618,0.2840071625143774,False,-0.010275241112504566
WMT,2024-05-02,2024-05-02,Consumer Defensive,0.942458885629482,32.0,2.075965431917716,0.12332348974047999,-0.01703671518093719,0.2840071625143774,False,0.01195680160211876
WMT,2024-05-16,2024-05-16,Consumer Defensive,0.7579953078134614,113.0,4.630117516222494,0.12576170601350636,-0.004359793516888977,0.2840071625143774,True,0.07044888531201234
WMT,2024-06-29,2024-07-01,Consumer Defensive,1.3613012463516223,38.0,2.135390484539908,0.2455620848591049,-0.0029454410155865807,0.2840071625143774,False,-0.003981137241661785
WMT,2024-07-16,2024-07-16,Consumer Defensive,0.6567076267550163,43.0,2.4261018847216573,0.16015573182475776,-0.001004650594190526,0.2840071625143774,False,0.003774612755950816
WMT,2024-08-15,2024-08-15,Consumer Defensive,0.1539668062929224,147.0,5.071403832278048,0.15600140309001298,0.026154426590323965,0.2840071625143774,True,0.060963924458925234
WMT,2024-11-19,2024-11-19,Consumer Defensive,0.7666178175678526,55.0,4.6340021627156425,0.13245870575466587,-0.0015436686210170691,0.2840071625143774,True,0.028933181679150113
XOM,2024-02-02,2024-02-02,Energy,0.5453552305529978,327.0,3.7548008639641504,0.1982243056402871,0.0025458909299289623,0.1911846795287837,True,-0.006114806957068764
XOM,2024-02-22,2024-02-22,Energy,-0.2198368634689351,298.0,2.5522929220897863,0.21179916612721755,0.03463581119967096,0.1911846795287837,False,-0.004814949164808683
XOM,2024-04-26,2024-04-26,Energy,0.5803855641473067,357.0,4.128580281301141,0.1219618078062644,0.02370908035553554,0.1911846795287837,True,-0.029586733566332176
XOM,2024-05-02,2024-05-02,Energy,-0.6581200044474914,261.0,2.264817582827116,0.16293526015446924,-0.04147049737578856,0.1911846795287837,False,2.1614970066302338e-05
XOM,2024-05-29,2024-05-29,Energy,-0.0763441268239447,410.0,3.7547431246247336,0.1742381434116982,-0.03210591081261216,0.1911846795287837,False,-0.009369898973780107
XOM,2024-07-29,2024-07-29,Energy,-0.3383363301443584,149.0,2.5757610573902734,0.1954517477520603,0.010855643691631833,0.1911846795287837,False,-0.010595704671219248
XOM,2024-07-30,2024-07-30,Energy,-0.6320286807930524,188.0,3.1752097051242103,0.19666826631222292,0.007200648375699892,0.1911846795287837,False,0.018798077928808603
XOM,2024-08-02,2024-08-02,Energy,0.0520058867724508,283.0,3.8476033009894137,0.20229375054068424,-0.004087565494916956,0.1911846795287837,True,0.002961001814747861
XOM,2024-08-14,2024-08-14,Energy,0.6055141674516942,252.0,2.6638149706165137,0.1965292739739875,0.03241056368509332,0.1911846795287837,False,0.0086450309486941
XOM,2024-09-23,2024-09-23,Energy,-2.9839455891710727,177.0,2.5788844990779407,0.22554970280240524,0.03706690855812189,0.1911846795287837,False,0.0176537584438638
XOM,2024-09-24,2024-09-24,Energy,-2.867169025673675,354.0,4.247233718082623,0.23063139803704455,0.04125645788421162,0.1911846795287837,False,-0.003188566849186159
XOM,2024-11-01,2024-11-01,Energy,0.8207834102064581,265.0,3.242607633561976,0.21037750040776376,-0.023496899645171654,0.1911846795287837,True,-0.01647755348172165
